Product,Variant,Description
mixer,Description 1,"This black mixer grinder offers powerful performance with elegant design. Equipped with two jars for batter making or half-crushed tasks, and a large jar perfect for fresh juices, it's the ideal kitchen companion. The stainless steel blades provide efficient grinding while the high-speed motor ensures fast results. Sleek controls and durable build make it easy to use and clean. Whether you're making dosa batter or fruit juice, this appliance does it all. The overload protection adds a layer of safety during operation. A must-have for modern kitchens that value both style and performance."
mixer,Description 2,"Bring home this versatile black mixer with a dual-jar setup for dry and wet grinding and a large jar for juicing. Its powerful motor is engineered to handle tough ingredients like soaked dals, ice, and fibrous vegetables with ease. The ergonomically designed handles and leak-proof lids ensure hassle-free usage. Its compact design saves counter space, while its energy-efficient build keeps power bills low. A perfect mix of elegance and efficiency for your kitchen."
mixer,Description 3,"The black mixer set includes two medium jars for batter grinding or semi-solid blends, and one large jar tailored for smooth juices. Featuring anti-slip feet, thermal overload protection, and razor-sharp blades, it redefines convenience in daily cooking. Its powerful copper motor maintains consistency even during long operations. This robust appliance combines aesthetics and reliability, making meal prep faster and more enjoyable."
fridge,Description 1,"This Grey Double Door Refrigerator combines style and functionality, making it a perfect fit for modern kitchens. With spacious compartments and efficient cooling technology, it keeps your food fresh and organized. The frost-free system, separate freezer section, and energy-efficient design ensure convenience and cost savings. Its sleek grey finish adds a contemporary touch to your home. Adjustable shelves and ample door space allow flexible storage. Silent operation and digital controls enhance user experience."
fridge,Description 2,"Elevate your kitchen with this elegant grey refrigerator featuring a sleek double door design. Engineered for energy efficiency and silent cooling, it preserves freshness longer. The frost-free feature prevents ice build-up while the toughened glass shelves support heavy utensils with ease. With its LED lighting, moisture control, and smart inverter compressor, this fridge offers both beauty and brains."
fridge,Description 3,"Make room for modern cooling with this stylish grey double door fridge. Designed to suit every Indian home, it includes separate compartments for veggies, dairy, and frozen items. The fast ice maker and stabilizer-free operation make it highly reliable. Whether it’s summer heat or a power cut, your food remains fresh and cool for hours. Built for durability and ease of use, it's an excellent long-term investment."
charger,Description 1,"This white charger delivers fast and efficient power for all your devices. Built with advanced safety features like overcharge and short circuit protection, it ensures your gadgets remain secure. The compact and lightweight design makes it ideal for travel or home use. Its universal USB compatibility supports smartphones, tablets, and more. A durable outer shell and heat-resistant body enhance its longevity."
charger,Description 2,"Stay powered on the go with this high-speed white charger. With intelligent charging capability, it detects the device type and delivers optimal current. Built with premium components and a sleek matte finish, it looks good while performing reliably. Ideal for those who need quick top-ups during a busy day. Its BIS certification and fireproof casing make it a safe companion for everyday use."
charger,Description 3,"This multi-protection white charger is designed for efficiency and convenience. Whether you’re charging a phone, earbud case, or power bank, it ensures quick power delivery. Its elegant white finish blends well with modern accessories. Designed to resist overheating and voltage fluctuations, it promises safety with speed. A trusted choice for charging essentials at home or at work."
smartwatch,Description 1,"Track your health, fitness, and notifications with this feature-packed smartwatch. Designed with a bright touch display and customizable watch faces, it suits every mood and style. Stay on top of your goals with heart rate, sleep, and step tracking. Receive call and message alerts without needing your phone in hand. The durable build, water resistance, and long battery life make it ideal for everyday wear."
smartwatch,Description 2,"This advanced smartwatch blends sleek design with smart technology. Monitor your heart rate, oxygen levels, and stress in real time while syncing seamlessly with your mobile device. With workout tracking, music control, and weather updates on your wrist, it's your perfect daily assistant. The ergonomic strap and lightweight design ensure comfort all day long."
smartwatch,Description 3,"Get more out of your day with this stylish smartwatch offering personalized reminders, health tracking, and smart alerts. The vibrant display and smooth interface make it easy to use. Perfect for fitness lovers, it includes multiple sport modes, sleep insights, and hydration reminders. With a strong battery backup and quick charge feature, it keeps up with your lifestyle."
